model,referecne,metric,value
growth_rate_simulated_iAF1260,is_essential_file_can_grow,Accuracy,0.8709677419354839
growth_rate_simulated_iAF1260,is_essential_file_can_grow,Precision,0.9086069210292813
growth_rate_simulated_iAF1260,is_essential_file_can_grow,Recall,0.9472710453283997
growth_rate_simulated_iAF1260,is_essential_file_can_grow,F1 Score,0.927536231884058
growth_rate_simulated_iAF1260,is_essential_file_can_grow,Specificity,0.049689440993788817
growth_rate_simulated_iAF1260,growth_rate_file_1,Accuracy,0.8786610878661087
growth_rate_simulated_iAF1260,growth_rate_file_1,Precision,0.9231481481481482
growth_rate_simulated_iAF1260,growth_rate_file_1,Recall,0.9414542020774316
growth_rate_simulated_iAF1260,growth_rate_file_1,F1 Score,0.9322113136979897
growth_rate_simulated_iAF1260,growth_rate_file_1,Specificity,0.049074074074074076
growth_rate_simulated_iAF1260,growth_rate_file_2,Accuracy,0.95483288166215
growth_rate_simulated_iAF1260,growth_rate_file_2,Precision,1.0
growth_rate_simulated_iAF1260,growth_rate_file_2,Recall,0.95483288166215
growth_rate_simulated_iAF1260,growth_rate_file_2,F1 Score,0.976894639556377
growth_rate_simulated_iAF1260,growth_rate_file_2,Specificity,0.0
growth_rate_simulated_iAF1260b,is_essential_file_can_grow,Accuracy,0.8685483870967742
growth_rate_simulated_iAF1260b,is_essential_file_can_grow,Precision,0.9105545617173524
growth_rate_simulated_iAF1260b,is_essential_file_can_grow,Recall,0.9417206290471786
growth_rate_simulated_iAF1260b,is_essential_file_can_grow,F1 Score,0.9258753979081401
growth_rate_simulated_iAF1260b,is_essential_file_can_grow,Specificity,0.052772808586762074
growth_rate_simulated_iAF1260b,growth_rate_file_1,Accuracy,0.8711297071129707
growth_rate_simulated_iAF1260b,growth_rate_file_1,Precision,0.9225023342670402
growth_rate_simulated_iAF1260b,growth_rate_file_1,Recall,0.9329556185080264
growth_rate_simulated_iAF1260b,growth_rate_file_1,F1 Score,0.9276995305164318
growth_rate_simulated_iAF1260b,growth_rate_file_1,Specificity,0.04948646125116713
growth_rate_simulated_iAF1260b,growth_rate_file_2,Accuracy,0.94579945799458
growth_rate_simulated_iAF1260b,growth_rate_file_2,Precision,1.0
growth_rate_simulated_iAF1260b,growth_rate_file_2,Recall,0.94579945799458
growth_rate_simulated_iAF1260b,growth_rate_file_2,F1 Score,0.9721448467966574
growth_rate_simulated_iAF1260b,growth_rate_file_2,Specificity,0.0
growth_rate_simulated_iAPECO1_1312,is_essential_file_can_grow,Accuracy,0.8942307692307693
growth_rate_simulated_iAPECO1_1312,is_essential_file_can_grow,Precision,0.9157894736842105
growth_rate_simulated_iAPECO1_1312,is_essential_file_can_grow,Recall,0.9666666666666667
growth_rate_simulated_iAPECO1_1312,is_essential_file_can_grow,F1 Score,0.9405405405405406
growth_rate_simulated_iAPECO1_1312,is_essential_file_can_grow,Specificity,0.06315789473684211
growth_rate_simulated_iAPECO1_1312,growth_rate_file_1,Accuracy,0.900990099009901
growth_rate_simulated_iAPECO1_1312,growth_rate_file_1,Precision,0.9239130434782609
growth_rate_simulated_iAPECO1_1312,growth_rate_file_1,Recall,0.9659090909090909
growth_rate_simulated_iAPECO1_1312,growth_rate_file_1,F1 Score,0.9444444444444444
growth_rate_simulated_iAPECO1_1312,growth_rate_file_1,Specificity,0.06521739130434782
growth_rate_simulated_iAPECO1_1312,growth_rate_file_2,Accuracy,0.9659090909090909
growth_rate_simulated_iAPECO1_1312,growth_rate_file_2,Precision,1.0
growth_rate_simulated_iAPECO1_1312,growth_rate_file_2,Recall,0.9659090909090909
growth_rate_simulated_iAPECO1_1312,growth_rate_file_2,F1 Score,0.9826589595375723
growth_rate_simulated_iAPECO1_1312,growth_rate_file_2,Specificity,0.0
growth_rate_simulated_iB21_1397,is_essential_file_can_grow,Accuracy,0.8608
growth_rate_simulated_iB21_1397,is_essential_file_can_grow,Precision,0.9104882459312839
growth_rate_simulated_iB21_1397,is_essential_file_can_grow,Recall,0.9306839186691312
growth_rate_simulated_iB21_1397,is_essential_file_can_grow,F1 Score,0.9204753199268738
growth_rate_simulated_iB21_1397,is_essential_file_can_grow,Specificity,0.06238698010849909
growth_rate_simulated_iB21_1397,growth_rate_file_1,Accuracy,0.8712715855572999
growth_rate_simulated_iB21_1397,growth_rate_file_1,Precision,0.9309734513274336
growth_rate_simulated_iB21_1397,growth_rate_file_1,Recall,0.9244288224956063
growth_rate_simulated_iB21_1397,growth_rate_file_1,F1 Score,0.927689594356261
growth_rate_simulated_iB21_1397,growth_rate_file_1,Specificity,0.05132743362831858
growth_rate_simulated_iB21_1397,growth_rate_file_2,Accuracy,0.9329102447869447
growth_rate_simulated_iB21_1397,growth_rate_file_2,Precision,1.0
growth_rate_simulated_iB21_1397,growth_rate_file_2,Recall,0.9329102447869447
growth_rate_simulated_iB21_1397,growth_rate_file_2,F1 Score,0.9652908067542214
growth_rate_simulated_iB21_1397,growth_rate_file_2,Specificity,0.0
growth_rate_simulated_iBWG_1329,is_essential_file_can_grow,Accuracy,0.8470588235294118
growth_rate_simulated_iBWG_1329,is_essential_file_can_grow,Precision,0.8961038961038961
growth_rate_simulated_iBWG_1329,is_essential_file_can_grow,Recall,0.9324324324324325
growth_rate_simulated_iBWG_1329,is_essential_file_can_grow,F1 Score,0.9139072847682119
growth_rate_simulated_iBWG_1329,is_essential_file_can_grow,Specificity,0.03896103896103896
growth_rate_simulated_iBWG_1329,growth_rate_file_1,Accuracy,0.8452380952380952
growth_rate_simulated_iBWG_1329,growth_rate_file_1,Precision,0.8947368421052632
growth_rate_simulated_iBWG_1329,growth_rate_file_1,Recall,0.9315068493150684
growth_rate_simulated_iBWG_1329,growth_rate_file_1,F1 Score,0.912751677852349
growth_rate_simulated_iBWG_1329,growth_rate_file_1,Specificity,0.039473684210526314
growth_rate_simulated_iBWG_1329,growth_rate_file_2,Accuracy,0.9428571428571428
growth_rate_simulated_iBWG_1329,growth_rate_file_2,Precision,1.0
growth_rate_simulated_iBWG_1329,growth_rate_file_2,Recall,0.9428571428571428
growth_rate_simulated_iBWG_1329,growth_rate_file_2,F1 Score,0.9705882352941176
growth_rate_simulated_iBWG_1329,growth_rate_file_2,Specificity,0.0
growth_rate_simulated_ic_1306,is_essential_file_can_grow,Accuracy,0.8854166666666666
growth_rate_simulated_ic_1306,is_essential_file_can_grow,Precision,0.9195402298850575
growth_rate_simulated_ic_1306,is_essential_file_can_grow,Recall,0.9523809523809523
growth_rate_simulated_ic_1306,is_essential_file_can_grow,F1 Score,0.935672514619883
growth_rate_simulated_ic_1306,is_essential_file_can_grow,Specificity,0.05747126436781609
growth_rate_simulated_ic_1306,growth_rate_file_1,Accuracy,0.8842105263157894
growth_rate_simulated_ic_1306,growth_rate_file_1,Precision,0.9186046511627907
growth_rate_simulated_ic_1306,growth_rate_file_1,Recall,0.9518072289156626
growth_rate_simulated_ic_1306,growth_rate_file_1,F1 Score,0.9349112426035502
growth_rate_simulated_ic_1306,growth_rate_file_1,Specificity,0.05813953488372093
growth_rate_simulated_ic_1306,growth_rate_file_2,Accuracy,0.9625
growth_rate_simulated_ic_1306,growth_rate_file_2,Precision,1.0
growth_rate_simulated_ic_1306,growth_rate_file_2,Recall,0.9625
growth_rate_simulated_ic_1306,growth_rate_file_2,F1 Score,0.980891719745223
growth_rate_simulated_ic_1306,growth_rate_file_2,Specificity,0.0
growth_rate_simulated_iE2348C_1286,is_essential_file_can_grow,Accuracy,0.825
growth_rate_simulated_iE2348C_1286,is_essential_file_can_grow,Precision,0.8873239436619719
growth_rate_simulated_iE2348C_1286,is_essential_file_can_grow,Recall,0.9130434782608695
growth_rate_simulated_iE2348C_1286,is_essential_file_can_grow,F1 Score,0.9
growth_rate_simulated_iE2348C_1286,is_essential_file_can_grow,Specificity,0.04225352112676056
growth_rate_simulated_iE2348C_1286,growth_rate_file_1,Accuracy,0.8157894736842105
growth_rate_simulated_iE2348C_1286,growth_rate_file_1,Precision,0.8805970149253731
growth_rate_simulated_iE2348C_1286,growth_rate_file_1,Recall,0.9076923076923077
growth_rate_simulated_iE2348C_1286,growth_rate_file_1,F1 Score,0.8939393939393939
growth_rate_simulated_iE2348C_1286,growth_rate_file_1,Specificity,0.04477611940298507
growth_rate_simulated_iE2348C_1286,growth_rate_file_2,Accuracy,0.9242424242424242
growth_rate_simulated_iE2348C_1286,growth_rate_file_2,Precision,1.0
growth_rate_simulated_iE2348C_1286,growth_rate_file_2,Recall,0.9242424242424242
growth_rate_simulated_iE2348C_1286,growth_rate_file_2,F1 Score,0.9606299212598425
growth_rate_simulated_iE2348C_1286,growth_rate_file_2,Specificity,0.0
growth_rate_simulated_iEC042_1314,is_essential_file_can_grow,Accuracy,0.8521190261496844
growth_rate_simulated_iEC042_1314,is_essential_file_can_grow,Precision,0.9077868852459017
growth_rate_simulated_iEC042_1314,is_essential_file_can_grow,Recall,0.9229166666666667
growth_rate_simulated_iEC042_1314,is_essential_file_can_grow,F1 Score,0.9152892561983472
growth_rate_simulated_iEC042_1314,is_essential_file_can_grow,Specificity,0.060450819672131145
growth_rate_simulated_iEC042_1314,growth_rate_file_1,Accuracy,0.8578947368421053
growth_rate_simulated_iEC042_1314,growth_rate_file_1,Precision,0.9203187250996016
growth_rate_simulated_iEC042_1314,growth_rate_file_1,Recall,0.9184890656063618
growth_rate_simulated_iEC042_1314,growth_rate_file_1,F1 Score,0.9194029850746267
growth_rate_simulated_iEC042_1314,growth_rate_file_1,Specificity,0.053784860557768925
growth_rate_simulated_iEC042_1314,growth_rate_file_2,Accuracy,0.9274028629856851
growth_rate_simulated_iEC042_1314,growth_rate_file_2,Precision,1.0
growth_rate_simulated_iEC042_1314,growth_rate_file_2,Recall,0.9274028629856851
growth_rate_simulated_iEC042_1314,growth_rate_file_2,F1 Score,0.9623342175066314
growth_rate_simulated_iEC042_1314,growth_rate_file_2,Specificity,0.0
growth_rate_simulated_iEC1344_C,is_essential_file_can_grow,Accuracy,
growth_rate_simulated_iEC1344_C,is_essential_file_can_grow,Precision,
growth_rate_simulated_iEC1344_C,is_essential_file_can_grow,Recall,
growth_rate_simulated_iEC1344_C,is_essential_file_can_grow,F1 Score,
growth_rate_simulated_iEC1344_C,is_essential_file_can_grow,Specificity,
growth_rate_simulated_iEC1344_C,growth_rate_file_1,Accuracy,
growth_rate_simulated_iEC1344_C,growth_rate_file_1,Precision,
growth_rate_simulated_iEC1344_C,growth_rate_file_1,Recall,
growth_rate_simulated_iEC1344_C,growth_rate_file_1,F1 Score,
growth_rate_simulated_iEC1344_C,growth_rate_file_1,Specificity,
growth_rate_simulated_iEC1344_C,growth_rate_file_2,Accuracy,
growth_rate_simulated_iEC1344_C,growth_rate_file_2,Precision,
growth_rate_simulated_iEC1344_C,growth_rate_file_2,Recall,
growth_rate_simulated_iEC1344_C,growth_rate_file_2,F1 Score,
growth_rate_simulated_iEC1344_C,growth_rate_file_2,Specificity,
growth_rate_simulated_iEC1349_Crooks,is_essential_file_can_grow,Accuracy,0.8837209302325582
growth_rate_simulated_iEC1349_Crooks,is_essential_file_can_grow,Precision,0.9
growth_rate_simulated_iEC1349_Crooks,is_essential_file_can_grow,Recall,0.972972972972973
growth_rate_simulated_iEC1349_Crooks,is_essential_file_can_grow,F1 Score,0.935064935064935
growth_rate_simulated_iEC1349_Crooks,is_essential_file_can_grow,Specificity,0.05
growth_rate_simulated_iEC1349_Crooks,growth_rate_file_1,Accuracy,0.8888888888888888
growth_rate_simulated_iEC1349_Crooks,growth_rate_file_1,Precision,0.9047619047619048
growth_rate_simulated_iEC1349_Crooks,growth_rate_file_1,Recall,0.9743589743589743
growth_rate_simulated_iEC1349_Crooks,growth_rate_file_1,F1 Score,0.9382716049382716
growth_rate_simulated_iEC1349_Crooks,growth_rate_file_1,Specificity,0.047619047619047616
growth_rate_simulated_iEC1349_Crooks,growth_rate_file_2,Accuracy,0.9714285714285714
growth_rate_simulated_iEC1349_Crooks,growth_rate_file_2,Precision,1.0
growth_rate_simulated_iEC1349_Crooks,growth_rate_file_2,Recall,0.9714285714285714
growth_rate_simulated_iEC1349_Crooks,growth_rate_file_2,F1 Score,0.9855072463768115
growth_rate_simulated_iEC1349_Crooks,growth_rate_file_2,Specificity,0.0
growth_rate_simulated_iEC1356_Bl21DE3,is_essential_file_can_grow,Accuracy,0.8352941176470589
growth_rate_simulated_iEC1356_Bl21DE3,is_essential_file_can_grow,Precision,0.8831168831168831
growth_rate_simulated_iEC1356_Bl21DE3,is_essential_file_can_grow,Recall,0.9315068493150684
growth_rate_simulated_iEC1356_Bl21DE3,is_essential_file_can_grow,F1 Score,0.9066666666666665
growth_rate_simulated_iEC1356_Bl21DE3,is_essential_file_can_grow,Specificity,0.03896103896103896
growth_rate_simulated_iEC1356_Bl21DE3,growth_rate_file_1,Accuracy,0.8426966292134831
growth_rate_simulated_iEC1356_Bl21DE3,growth_rate_file_1,Precision,0.8888888888888888
growth_rate_simulated_iEC1356_Bl21DE3,growth_rate_file_1,Recall,0.935064935064935
growth_rate_simulated_iEC1356_Bl21DE3,growth_rate_file_1,F1 Score,0.9113924050632912
growth_rate_simulated_iEC1356_Bl21DE3,growth_rate_file_1,Specificity,0.037037037037037035
growth_rate_simulated_iEC1356_Bl21DE3,growth_rate_file_2,Accuracy,0.9428571428571428
growth_rate_simulated_iEC1356_Bl21DE3,growth_rate_file_2,Precision,1.0
growth_rate_simulated_iEC1356_Bl21DE3,growth_rate_file_2,Recall,0.9428571428571428
growth_rate_simulated_iEC1356_Bl21DE3,growth_rate_file_2,F1 Score,0.9705882352941176
growth_rate_simulated_iEC1356_Bl21DE3,growth_rate_file_2,Specificity,0.0
growth_rate_simulated_iEC1364_W,is_essential_file_can_grow,Accuracy,0.8656126482213439
growth_rate_simulated_iEC1364_W,is_essential_file_can_grow,Precision,0.9078138718173837
growth_rate_simulated_iEC1364_W,is_essential_file_can_grow,Recall,0.9408553230209281
growth_rate_simulated_iEC1364_W,is_essential_file_can_grow,F1 Score,0.9240393208221627
growth_rate_simulated_iEC1364_W,is_essential_file_can_grow,Specificity,0.053555750658472345
growth_rate_simulated_iEC1364_W,growth_rate_file_1,Accuracy,0.8783359497645212
growth_rate_simulated_iEC1364_W,growth_rate_file_1,Precision,0.9286335944299391
growth_rate_simulated_iEC1364_W,growth_rate_file_1,Recall,0.9359649122807018
growth_rate_simulated_iEC1364_W,growth_rate_file_1,F1 Score,0.9322848405417212
growth_rate_simulated_iEC1364_W,growth_rate_file_1,Specificity,0.04525674499564839
growth_rate_simulated_iEC1364_W,growth_rate_file_2,Accuracy,0.9456327985739751
growth_rate_simulated_iEC1364_W,growth_rate_file_2,Precision,1.0
growth_rate_simulated_iEC1364_W,growth_rate_file_2,Recall,0.9456327985739751
growth_rate_simulated_iEC1364_W,growth_rate_file_2,F1 Score,0.9720568025652772
growth_rate_simulated_iEC1364_W,growth_rate_file_2,Specificity,0.0
growth_rate_simulated_iEC1368_DH5a,is_essential_file_can_grow,Accuracy,
growth_rate_simulated_iEC1368_DH5a,is_essential_file_can_grow,Precision,
growth_rate_simulated_iEC1368_DH5a,is_essential_file_can_grow,Recall,
growth_rate_simulated_iEC1368_DH5a,is_essential_file_can_grow,F1 Score,
growth_rate_simulated_iEC1368_DH5a,is_essential_file_can_grow,Specificity,
growth_rate_simulated_iEC1368_DH5a,growth_rate_file_1,Accuracy,
growth_rate_simulated_iEC1368_DH5a,growth_rate_file_1,Precision,
growth_rate_simulated_iEC1368_DH5a,growth_rate_file_1,Recall,
growth_rate_simulated_iEC1368_DH5a,growth_rate_file_1,F1 Score,
growth_rate_simulated_iEC1368_DH5a,growth_rate_file_1,Specificity,
growth_rate_simulated_iEC1368_DH5a,growth_rate_file_2,Accuracy,
growth_rate_simulated_iEC1368_DH5a,growth_rate_file_2,Precision,
growth_rate_simulated_iEC1368_DH5a,growth_rate_file_2,Recall,
growth_rate_simulated_iEC1368_DH5a,growth_rate_file_2,F1 Score,
growth_rate_simulated_iEC1368_DH5a,growth_rate_file_2,Specificity,
growth_rate_simulated_iEC1372_W3110,is_essential_file_can_grow,Accuracy,0.8301886792452831
growth_rate_simulated_iEC1372_W3110,is_essential_file_can_grow,Precision,0.8731884057971014
growth_rate_simulated_iEC1372_W3110,is_essential_file_can_grow,Recall,0.926923076923077
growth_rate_simulated_iEC1372_W3110,is_essential_file_can_grow,F1 Score,0.8992537313432836
growth_rate_simulated_iEC1372_W3110,is_essential_file_can_grow,Specificity,0.08333333333333333
growth_rate_simulated_iEC1372_W3110,growth_rate_file_1,Accuracy,0.8379204892966361
growth_rate_simulated_iEC1372_W3110,growth_rate_file_1,Precision,0.8943661971830986
growth_rate_simulated_iEC1372_W3110,growth_rate_file_1,Recall,0.9169675090252708
growth_rate_simulated_iEC1372_W3110,growth_rate_file_1,F1 Score,0.9055258467023173
growth_rate_simulated_iEC1372_W3110,growth_rate_file_1,Specificity,0.07042253521126761
growth_rate_simulated_iEC1372_W3110,growth_rate_file_2,Accuracy,0.924812030075188
growth_rate_simulated_iEC1372_W3110,growth_rate_file_2,Precision,1.0
growth_rate_simulated_iEC1372_W3110,growth_rate_file_2,Recall,0.924812030075188
growth_rate_simulated_iEC1372_W3110,growth_rate_file_2,F1 Score,0.9609375000000001
growth_rate_simulated_iEC1372_W3110,growth_rate_file_2,Specificity,0.0
growth_rate_simulated_iEC55989_1330,is_essential_file_can_grow,Accuracy,0.8657094594594594
growth_rate_simulated_iEC55989_1330,is_essential_file_can_grow,Precision,0.9122974261201144
growth_rate_simulated_iEC55989_1330,is_essential_file_can_grow,Recall,0.9345703125
growth_rate_simulated_iEC55989_1330,is_essential_file_can_grow,F1 Score,0.9232995658465991
growth_rate_simulated_iEC55989_1330,is_essential_file_can_grow,Specificity,0.06482364156339371
growth_rate_simulated_iEC55989_1330,growth_rate_file_1,Accuracy,0.8770992366412214
growth_rate_simulated_iEC55989_1330,growth_rate_file_1,Precision,0.9291204099060631
growth_rate_simulated_iEC55989_1330,growth_rate_file_1,Recall,0.9331046312178388
growth_rate_simulated_iEC55989_1330,growth_rate_file_1,F1 Score,0.9311082584510055
growth_rate_simulated_iEC55989_1330,growth_rate_file_1,Specificity,0.05209222886421862
growth_rate_simulated_iEC55989_1330,growth_rate_file_2,Accuracy,0.9389312977099237
growth_rate_simulated_iEC55989_1330,growth_rate_file_2,Precision,1.0
growth_rate_simulated_iEC55989_1330,growth_rate_file_2,Recall,0.9389312977099237
growth_rate_simulated_iEC55989_1330,growth_rate_file_2,F1 Score,0.9685039370078741
growth_rate_simulated_iEC55989_1330,growth_rate_file_2,Specificity,0.0
growth_rate_simulated_iECABU_c1320,is_essential_file_can_grow,Accuracy,0.8576576576576577
growth_rate_simulated_iECABU_c1320,is_essential_file_can_grow,Precision,0.907520325203252
growth_rate_simulated_iECABU_c1320,is_essential_file_can_grow,Recall,0.9302083333333333
growth_rate_simulated_iECABU_c1320,is_essential_file_can_grow,F1 Score,0.918724279835391
growth_rate_simulated_iECABU_c1320,is_essential_file_can_grow,Specificity,0.059959349593495935
growth_rate_simulated_iECABU_c1320,growth_rate_file_1,Accuracy,0.866723259762309
growth_rate_simulated_iECABU_c1320,growth_rate_file_1,Precision,0.9227099236641222
growth_rate_simulated_iECABU_c1320,growth_rate_file_1,Recall,0.9271332694151486
growth_rate_simulated_iECABU_c1320,growth_rate_file_1,F1 Score,0.9249163079866094
growth_rate_simulated_iECABU_c1320,growth_rate_file_1,Specificity,0.05152671755725191
growth_rate_simulated_iECABU_c1320,growth_rate_file_2,Accuracy,0.9353846153846154
growth_rate_simulated_iECABU_c1320,growth_rate_file_2,Precision,1.0
growth_rate_simulated_iECABU_c1320,growth_rate_file_2,Recall,0.9353846153846154
growth_rate_simulated_iECABU_c1320,growth_rate_file_2,F1 Score,0.9666136724960255
growth_rate_simulated_iECABU_c1320,growth_rate_file_2,Specificity,0.0
growth_rate_simulated_iECB_1328,is_essential_file_can_grow,Accuracy,0.8539224526600541
growth_rate_simulated_iECB_1328,is_essential_file_can_grow,Precision,0.9063136456211812
growth_rate_simulated_iECB_1328,is_essential_file_can_grow,Recall,0.9270833333333334
growth_rate_simulated_iECB_1328,is_essential_file_can_grow,F1 Score,0.9165808444902163
growth_rate_simulated_iECB_1328,is_essential_file_can_grow,Specificity,0.05804480651731161
growth_rate_simulated_iECB_1328,growth_rate_file_1,Accuracy,0.8628571428571429
growth_rate_simulated_iECB_1328,growth_rate_file_1,Precision,0.921173235563703
growth_rate_simulated_iECB_1328,growth_rate_file_1,Recall,0.9245630174793008
growth_rate_simulated_iECB_1328,growth_rate_file_1,F1 Score,0.9228650137741047
growth_rate_simulated_iECB_1328,growth_rate_file_1,Specificity,0.04766269477543538
growth_rate_simulated_iECB_1328,growth_rate_file_2,Accuracy,0.9333333333333333
growth_rate_simulated_iECB_1328,growth_rate_file_2,Precision,1.0
growth_rate_simulated_iECB_1328,growth_rate_file_2,Recall,0.9333333333333333
growth_rate_simulated_iECB_1328,growth_rate_file_2,F1 Score,0.9655172413793104
growth_rate_simulated_iECB_1328,growth_rate_file_2,Specificity,0.0
growth_rate_simulated_iECBD_1354,is_essential_file_can_grow,Accuracy,1.0
growth_rate_simulated_iECBD_1354,is_essential_file_can_grow,Precision,1.0
growth_rate_simulated_iECBD_1354,is_essential_file_can_grow,Recall,1.0
growth_rate_simulated_iECBD_1354,is_essential_file_can_grow,F1 Score,1.0
growth_rate_simulated_iECBD_1354,is_essential_file_can_grow,Specificity,0.0
growth_rate_simulated_iECBD_1354,growth_rate_file_1,Accuracy,1.0
growth_rate_simulated_iECBD_1354,growth_rate_file_1,Precision,1.0
growth_rate_simulated_iECBD_1354,growth_rate_file_1,Recall,1.0
growth_rate_simulated_iECBD_1354,growth_rate_file_1,F1 Score,1.0
growth_rate_simulated_iECBD_1354,growth_rate_file_1,Specificity,0.0
growth_rate_simulated_iECBD_1354,growth_rate_file_2,Accuracy,1.0
growth_rate_simulated_iECBD_1354,growth_rate_file_2,Precision,1.0
growth_rate_simulated_iECBD_1354,growth_rate_file_2,Recall,1.0
growth_rate_simulated_iECBD_1354,growth_rate_file_2,F1 Score,1.0
growth_rate_simulated_iECBD_1354,growth_rate_file_2,Specificity,0.0
growth_rate_simulated_iECD_1391,is_essential_file_can_grow,Accuracy,0.8573991031390135
growth_rate_simulated_iECD_1391,is_essential_file_can_grow,Precision,0.9047141424272819
growth_rate_simulated_iECD_1391,is_essential_file_can_grow,Recall,0.9337474120082816
growth_rate_simulated_iECD_1391,is_essential_file_can_grow,F1 Score,0.9190015282730515
growth_rate_simulated_iECD_1391,is_essential_file_can_grow,Specificity,0.05416248746238716
growth_rate_simulated_iECD_1391,growth_rate_file_1,Accuracy,0.8718572587185726
growth_rate_simulated_iECD_1391,growth_rate_file_1,Precision,0.9239819004524887
growth_rate_simulated_iECD_1391,growth_rate_file_1,Recall,0.9324200913242009
growth_rate_simulated_iECD_1391,growth_rate_file_1,F1 Score,0.9281818181818182
growth_rate_simulated_iECD_1391,growth_rate_file_1,Specificity,0.048868778280542986
growth_rate_simulated_iECD_1391,growth_rate_file_2,Accuracy,0.9388379204892966
growth_rate_simulated_iECD_1391,growth_rate_file_2,Precision,1.0
growth_rate_simulated_iECD_1391,growth_rate_file_2,Recall,0.9388379204892966
growth_rate_simulated_iECD_1391,growth_rate_file_2,F1 Score,0.9684542586750788
growth_rate_simulated_iECD_1391,growth_rate_file_2,Specificity,0.0
growth_rate_simulated_iECDH10B_1368,is_essential_file_can_grow,Accuracy,0.8637489677952106
growth_rate_simulated_iECDH10B_1368,is_essential_file_can_grow,Precision,0.9088397790055248
growth_rate_simulated_iECDH10B_1368,is_essential_file_can_grow,Recall,0.9373219373219374
growth_rate_simulated_iECDH10B_1368,is_essential_file_can_grow,F1 Score,0.9228611500701263
growth_rate_simulated_iECDH10B_1368,is_essential_file_can_grow,Specificity,0.05432780847145488
growth_rate_simulated_iECDH10B_1368,growth_rate_file_1,Accuracy,0.8795454545454545
growth_rate_simulated_iECDH10B_1368,growth_rate_file_1,Precision,0.9284511784511784
growth_rate_simulated_iECDH10B_1368,growth_rate_file_1,Recall,0.9371282922684792
growth_rate_simulated_iECDH10B_1368,growth_rate_file_1,F1 Score,0.9327695560253699
growth_rate_simulated_iECDH10B_1368,growth_rate_file_1,Specificity,0.04882154882154882
growth_rate_simulated_iECDH10B_1368,growth_rate_file_2,Accuracy,0.9424860853432282
growth_rate_simulated_iECDH10B_1368,growth_rate_file_2,Precision,1.0
growth_rate_simulated_iECDH10B_1368,growth_rate_file_2,Recall,0.9424860853432282
growth_rate_simulated_iECDH10B_1368,growth_rate_file_2,F1 Score,0.9703915950334289
growth_rate_simulated_iECDH10B_1368,growth_rate_file_2,Specificity,0.0
growth_rate_simulated_iEcDH1_1363,is_essential_file_can_grow,Accuracy,0.8888888888888888
growth_rate_simulated_iEcDH1_1363,is_essential_file_can_grow,Precision,1.0
growth_rate_simulated_iEcDH1_1363,is_essential_file_can_grow,Recall,0.875
growth_rate_simulated_iEcDH1_1363,is_essential_file_can_grow,F1 Score,0.9333333333333333
growth_rate_simulated_iEcDH1_1363,is_essential_file_can_grow,Specificity,0.14285714285714285
growth_rate_simulated_iEcDH1_1363,growth_rate_file_1,Accuracy,0.8888888888888888
growth_rate_simulated_iEcDH1_1363,growth_rate_file_1,Precision,1.0
growth_rate_simulated_iEcDH1_1363,growth_rate_file_1,Recall,0.875
growth_rate_simulated_iEcDH1_1363,growth_rate_file_1,F1 Score,0.9333333333333333
growth_rate_simulated_iEcDH1_1363,growth_rate_file_1,Specificity,0.14285714285714285
growth_rate_simulated_iEcDH1_1363,growth_rate_file_2,Accuracy,1.0
growth_rate_simulated_iEcDH1_1363,growth_rate_file_2,Precision,1.0
growth_rate_simulated_iEcDH1_1363,growth_rate_file_2,Recall,1.0
growth_rate_simulated_iEcDH1_1363,growth_rate_file_2,F1 Score,1.0
growth_rate_simulated_iEcDH1_1363,growth_rate_file_2,Specificity,0.0
growth_rate_simulated_iECDH1ME8569_1439,is_essential_file_can_grow,Accuracy,0.859504132231405
growth_rate_simulated_iECDH1ME8569_1439,is_essential_file_can_grow,Precision,0.906163753449862
growth_rate_simulated_iECDH1ME8569_1439,is_essential_file_can_grow,Recall,0.9354226020892688
growth_rate_simulated_iECDH1ME8569_1439,is_essential_file_can_grow,F1 Score,0.9205607476635513
growth_rate_simulated_iECDH1ME8569_1439,is_essential_file_can_grow,Specificity,0.050597976080956765
growth_rate_simulated_iECDH1ME8569_1439,growth_rate_file_1,Accuracy,0.868380062305296
growth_rate_simulated_iECDH1ME8569_1439,growth_rate_file_1,Precision,0.9215517241379311
growth_rate_simulated_iECDH1ME8569_1439,growth_rate_file_1,Recall,0.9319965126416739
growth_rate_simulated_iECDH1ME8569_1439,growth_rate_file_1,F1 Score,0.9267446900736888
growth_rate_simulated_iECDH1ME8569_1439,growth_rate_file_1,Specificity,0.039655172413793106
growth_rate_simulated_iECDH1ME8569_1439,growth_rate_file_2,Accuracy,0.9383177570093458
growth_rate_simulated_iECDH1ME8569_1439,growth_rate_file_2,Precision,1.0
growth_rate_simulated_iECDH1ME8569_1439,growth_rate_file_2,Recall,0.9383177570093458
growth_rate_simulated_iECDH1ME8569_1439,growth_rate_file_2,F1 Score,0.9681774349083896
growth_rate_simulated_iECDH1ME8569_1439,growth_rate_file_2,Specificity,0.0
growth_rate_simulated_iEcE24377_1341,is_essential_file_can_grow,Accuracy,0.8499043977055449
growth_rate_simulated_iEcE24377_1341,is_essential_file_can_grow,Precision,0.9028384279475983
growth_rate_simulated_iEcE24377_1341,is_essential_file_can_grow,Recall,0.924022346368715
growth_rate_simulated_iEcE24377_1341,is_essential_file_can_grow,F1 Score,0.9133075648812811
growth_rate_simulated_iEcE24377_1341,is_essential_file_can_grow,Specificity,0.06768558951965066
growth_rate_simulated_iEcE24377_1341,growth_rate_file_1,Accuracy,0.8574091332712023
growth_rate_simulated_iEcE24377_1341,growth_rate_file_1,Precision,0.9192348565356004
growth_rate_simulated_iEcE24377_1341,growth_rate_file_1,Recall,0.9182590233545648
growth_rate_simulated_iEcE24377_1341,growth_rate_file_1,F1 Score,0.9187466808284652
growth_rate_simulated_iEcE24377_1341,growth_rate_file_1,Specificity,0.05844845908607864
growth_rate_simulated_iEcE24377_1341,growth_rate_file_2,Accuracy,0.9281045751633987
growth_rate_simulated_iEcE24377_1341,growth_rate_file_2,Precision,1.0
growth_rate_simulated_iEcE24377_1341,growth_rate_file_2,Recall,0.9281045751633987
growth_rate_simulated_iEcE24377_1341,growth_rate_file_2,F1 Score,0.9627118644067797
growth_rate_simulated_iEcE24377_1341,growth_rate_file_2,Specificity,0.0
growth_rate_simulated_iECED1_1282,is_essential_file_can_grow,Accuracy,0.8584229390681004
growth_rate_simulated_iECED1_1282,is_essential_file_can_grow,Precision,0.9014084507042254
growth_rate_simulated_iECED1_1282,is_essential_file_can_grow,Recall,0.9372384937238494
growth_rate_simulated_iECED1_1282,is_essential_file_can_grow,F1 Score,0.918974358974359
growth_rate_simulated_iECED1_1282,is_essential_file_can_grow,Specificity,0.06237424547283702
growth_rate_simulated_iECED1_1282,growth_rate_file_1,Accuracy,0.8703403565640194
growth_rate_simulated_iECED1_1282,growth_rate_file_1,Precision,0.9203619909502262
growth_rate_simulated_iECED1_1282,growth_rate_file_1,Recall,0.9338842975206612
growth_rate_simulated_iECED1_1282,growth_rate_file_1,F1 Score,0.9270738377392889
growth_rate_simulated_iECED1_1282,growth_rate_file_1,Specificity,0.051583710407239816
growth_rate_simulated_iECED1_1282,growth_rate_file_2,Accuracy,0.9409368635437881
growth_rate_simulated_iECED1_1282,growth_rate_file_2,Precision,1.0
growth_rate_simulated_iECED1_1282,growth_rate_file_2,Recall,0.9409368635437881
growth_rate_simulated_iECED1_1282,growth_rate_file_2,F1 Score,0.9695697796432318
growth_rate_simulated_iECED1_1282,growth_rate_file_2,Specificity,0.0
growth_rate_simulated_iECH74115_1262,is_essential_file_can_grow,Accuracy,0.8310276679841897
growth_rate_simulated_iECH74115_1262,is_essential_file_can_grow,Precision,0.8888888888888888
growth_rate_simulated_iECH74115_1262,is_essential_file_can_grow,Recall,0.9148191365227538
growth_rate_simulated_iECH74115_1262,is_essential_file_can_grow,F1 Score,0.9016676250718804
growth_rate_simulated_iECH74115_1262,is_essential_file_can_grow,Specificity,0.06462585034013606
growth_rate_simulated_iECH74115_1262,growth_rate_file_1,Accuracy,0.8433268858800773
growth_rate_simulated_iECH74115_1262,growth_rate_file_1,Precision,0.9101995565410199
growth_rate_simulated_iECH74115_1262,growth_rate_file_1,Recall,0.9101995565410199
growth_rate_simulated_iECH74115_1262,growth_rate_file_1,F1 Score,0.9101995565410199
growth_rate_simulated_iECH74115_1262,growth_rate_file_1,Specificity,0.0565410199556541
growth_rate_simulated_iECH74115_1262,growth_rate_file_2,Accuracy,0.9216799091940976
growth_rate_simulated_iECH74115_1262,growth_rate_file_2,Precision,1.0
growth_rate_simulated_iECH74115_1262,growth_rate_file_2,Recall,0.9216799091940976
growth_rate_simulated_iECH74115_1262,growth_rate_file_2,F1 Score,0.9592439456585943
growth_rate_simulated_iECH74115_1262,growth_rate_file_2,Specificity,0.0
growth_rate_simulated_iEcHS_1320,is_essential_file_can_grow,Accuracy,0.8579881656804734
growth_rate_simulated_iEcHS_1320,is_essential_file_can_grow,Precision,0.9025755879059351
growth_rate_simulated_iEcHS_1320,is_essential_file_can_grow,Recall,0.9339513325608343
growth_rate_simulated_iEcHS_1320,is_essential_file_can_grow,F1 Score,0.917995444191344
growth_rate_simulated_iEcHS_1320,is_essential_file_can_grow,Specificity,0.07166853303471445
growth_rate_simulated_iEcHS_1320,growth_rate_file_1,Accuracy,0.8655139289145053
growth_rate_simulated_iEcHS_1320,growth_rate_file_1,Precision,0.920392584514722
growth_rate_simulated_iEcHS_1320,growth_rate_file_1,Recall,0.9264544456641054
growth_rate_simulated_iEcHS_1320,growth_rate_file_1,F1 Score,0.9234135667396062
growth_rate_simulated_iEcHS_1320,growth_rate_file_1,Specificity,0.062159214830970554
growth_rate_simulated_iEcHS_1320,growth_rate_file_2,Accuracy,0.9379232505643341
growth_rate_simulated_iEcHS_1320,growth_rate_file_2,Precision,1.0
growth_rate_simulated_iEcHS_1320,growth_rate_file_2,Recall,0.9379232505643341
growth_rate_simulated_iEcHS_1320,growth_rate_file_2,F1 Score,0.9679673849737914
growth_rate_simulated_iEcHS_1320,growth_rate_file_2,Specificity,0.0
growth_rate_simulated_iECIAI1_1343,is_essential_file_can_grow,Accuracy,0.8548523206751055
growth_rate_simulated_iECIAI1_1343,is_essential_file_can_grow,Precision,0.902738432483475
growth_rate_simulated_iECIAI1_1343,is_essential_file_can_grow,Recall,0.9326829268292683
growth_rate_simulated_iECIAI1_1343,is_essential_file_can_grow,F1 Score,0.9174664107485605
growth_rate_simulated_iECIAI1_1343,is_essential_file_can_grow,Specificity,0.053824362606232294
growth_rate_simulated_iECIAI1_1343,growth_rate_file_1,Accuracy,0.8728103579588729
growth_rate_simulated_iECIAI1_1343,growth_rate_file_1,Precision,0.9252971137521222
growth_rate_simulated_iECIAI1_1343,growth_rate_file_1,Recall,0.932420872540633
growth_rate_simulated_iECIAI1_1343,growth_rate_file_1,F1 Score,0.9288453344695355
growth_rate_simulated_iECIAI1_1343,growth_rate_file_1,Specificity,0.04753820033955857
growth_rate_simulated_iECIAI1_1343,growth_rate_file_2,Accuracy,0.9380362249761678
growth_rate_simulated_iECIAI1_1343,growth_rate_file_2,Precision,1.0
growth_rate_simulated_iECIAI1_1343,growth_rate_file_2,Recall,0.9380362249761678
growth_rate_simulated_iECIAI1_1343,growth_rate_file_2,F1 Score,0.9680275454992622
growth_rate_simulated_iECIAI1_1343,growth_rate_file_2,Specificity,0.0
growth_rate_simulated_iECIAI39_1322,is_essential_file_can_grow,Accuracy,0.8700516351118761
growth_rate_simulated_iECIAI39_1322,is_essential_file_can_grow,Precision,0.902738432483475
growth_rate_simulated_iECIAI39_1322,is_essential_file_can_grow,Recall,0.952191235059761
growth_rate_simulated_iECIAI39_1322,is_essential_file_can_grow,F1 Score,0.9268056228793019
growth_rate_simulated_iECIAI39_1322,is_essential_file_can_grow,Specificity,0.05193578847969783
growth_rate_simulated_iECIAI39_1322,growth_rate_file_1,Accuracy,0.8870716510903427
growth_rate_simulated_iECIAI39_1322,growth_rate_file_1,Precision,0.9226847918436704
growth_rate_simulated_iECIAI39_1322,growth_rate_file_1,Recall,0.9526315789473684
growth_rate_simulated_iECIAI39_1322,growth_rate_file_1,F1 Score,0.937419076391886
growth_rate_simulated_iECIAI39_1322,growth_rate_file_1,Specificity,0.045029736618521665
growth_rate_simulated_iECIAI39_1322,growth_rate_file_2,Accuracy,0.9580896686159844
growth_rate_simulated_iECIAI39_1322,growth_rate_file_2,Precision,1.0
growth_rate_simulated_iECIAI39_1322,growth_rate_file_2,Recall,0.9580896686159844
growth_rate_simulated_iECIAI39_1322,growth_rate_file_2,F1 Score,0.9785963165754106
growth_rate_simulated_iECIAI39_1322,growth_rate_file_2,Specificity,0.0
growth_rate_simulated_iECNA114_1301,is_essential_file_can_grow,Accuracy,0.8636363636363636
growth_rate_simulated_iECNA114_1301,is_essential_file_can_grow,Precision,0.9136253041362531
growth_rate_simulated_iECNA114_1301,is_essential_file_can_grow,Recall,0.9317617866004962
growth_rate_simulated_iECNA114_1301,is_essential_file_can_grow,F1 Score,0.9226044226044225
growth_rate_simulated_iECNA114_1301,is_essential_file_can_grow,Specificity,0.057177615571776155
growth_rate_simulated_iECNA114_1301,growth_rate_file_1,Accuracy,0.8653465346534653
growth_rate_simulated_iECNA114_1301,growth_rate_file_1,Precision,0.9201773835920177
growth_rate_simulated_iECNA114_1301,growth_rate_file_1,Recall,0.9284116331096197
growth_rate_simulated_iECNA114_1301,growth_rate_file_1,F1 Score,0.9242761692650334
growth_rate_simulated_iECNA114_1301,growth_rate_file_1,Specificity,0.04878048780487805
growth_rate_simulated_iECNA114_1301,growth_rate_file_2,Accuracy,0.932349323493235
growth_rate_simulated_iECNA114_1301,growth_rate_file_2,Precision,1.0
growth_rate_simulated_iECNA114_1301,growth_rate_file_2,Recall,0.932349323493235
growth_rate_simulated_iECNA114_1301,growth_rate_file_2,F1 Score,0.9649904519414386
growth_rate_simulated_iECNA114_1301,growth_rate_file_2,Specificity,0.0
growth_rate_simulated_iECO103_1326,is_essential_file_can_grow,Accuracy,0.8624787775891342
growth_rate_simulated_iECO103_1326,is_essential_file_can_grow,Precision,0.9083969465648855
growth_rate_simulated_iECO103_1326,is_essential_file_can_grow,Recall,0.9351669941060904
growth_rate_simulated_iECO103_1326,is_essential_file_can_grow,F1 Score,0.9215876089060987
growth_rate_simulated_iECO103_1326,is_essential_file_can_grow,Specificity,0.061068702290076333
growth_rate_simulated_iECO103_1326,growth_rate_file_1,Accuracy,0.8747117601844735
growth_rate_simulated_iECO103_1326,growth_rate_file_1,Precision,0.9264328485885372
growth_rate_simulated_iECO103_1326,growth_rate_file_1,Recall,0.9336206896551724
growth_rate_simulated_iECO103_1326,growth_rate_file_1,F1 Score,0.9300128810648347
growth_rate_simulated_iECO103_1326,growth_rate_file_1,Specificity,0.04704875962360992
growth_rate_simulated_iECO103_1326,growth_rate_file_2,Accuracy,0.9384615384615385
growth_rate_simulated_iECO103_1326,growth_rate_file_2,Precision,1.0
growth_rate_simulated_iECO103_1326,growth_rate_file_2,Recall,0.9384615384615385
growth_rate_simulated_iECO103_1326,growth_rate_file_2,F1 Score,0.9682539682539683
growth_rate_simulated_iECO103_1326,growth_rate_file_2,Specificity,0.0
growth_rate_simulated_iECO111_1330,is_essential_file_can_grow,Accuracy,0.8592027141645462
growth_rate_simulated_iECO111_1330,is_essential_file_can_grow,Precision,0.9035004730368968
growth_rate_simulated_iECO111_1330,is_essential_file_can_grow,Recall,0.9371933267909716
growth_rate_simulated_iECO111_1330,is_essential_file_can_grow,F1 Score,0.9200385356454721
growth_rate_simulated_iECO111_1330,is_essential_file_can_grow,Specificity,0.05487228003784295
growth_rate_simulated_iECO111_1330,growth_rate_file_1,Accuracy,0.8759630200308166
growth_rate_simulated_iECO111_1330,growth_rate_file_1,Precision,0.9257045260461144
growth_rate_simulated_iECO111_1330,growth_rate_file_1,Recall,0.9360967184801382
growth_rate_simulated_iECO111_1330,growth_rate_file_1,F1 Score,0.930871618720481
growth_rate_simulated_iECO111_1330,growth_rate_file_1,Specificity,0.04526046114432109
growth_rate_simulated_iECO111_1330,growth_rate_file_2,Accuracy,0.9452449567723343
growth_rate_simulated_iECO111_1330,growth_rate_file_2,Precision,1.0
growth_rate_simulated_iECO111_1330,growth_rate_file_2,Recall,0.9452449567723343
growth_rate_simulated_iECO111_1330,growth_rate_file_2,F1 Score,0.9718518518518519
growth_rate_simulated_iECO111_1330,growth_rate_file_2,Specificity,0.0
growth_rate_simulated_iECO26_1355,is_essential_file_can_grow,Accuracy,0.8603678929765887
growth_rate_simulated_iECO26_1355,is_essential_file_can_grow,Precision,0.9070422535211268
growth_rate_simulated_iECO26_1355,is_essential_file_can_grow,Recall,0.9342359767891683
growth_rate_simulated_iECO26_1355,is_essential_file_can_grow,F1 Score,0.9204383039542638
growth_rate_simulated_iECO26_1355,is_essential_file_can_grow,Specificity,0.059154929577464786
growth_rate_simulated_iECO26_1355,growth_rate_file_1,Accuracy,0.8749052312357847
growth_rate_simulated_iECO26_1355,growth_rate_file_1,Precision,0.9281487743026204
growth_rate_simulated_iECO26_1355,growth_rate_file_1,Recall,0.9320882852292021
growth_rate_simulated_iECO26_1355,growth_rate_file_1,F1 Score,0.9301143583227446
growth_rate_simulated_iECO26_1355,growth_rate_file_1,Specificity,0.047337278106508875
growth_rate_simulated_iECO26_1355,growth_rate_file_2,Accuracy,0.9385633270321361
growth_rate_simulated_iECO26_1355,growth_rate_file_2,Precision,1.0
growth_rate_simulated_iECO26_1355,growth_rate_file_2,Recall,0.9385633270321361
growth_rate_simulated_iECO26_1355,growth_rate_file_2,F1 Score,0.9683081423695759
growth_rate_simulated_iECO26_1355,growth_rate_file_2,Specificity,0.0
growth_rate_simulated_iECOK1_1307,is_essential_file_can_grow,Accuracy,0.8365949119373777
growth_rate_simulated_iECOK1_1307,is_essential_file_can_grow,Precision,0.8914988814317674
growth_rate_simulated_iECOK1_1307,is_essential_file_can_grow,Recall,0.9192618223760092
growth_rate_simulated_iECOK1_1307,is_essential_file_can_grow,F1 Score,0.905167518455423
growth_rate_simulated_iECOK1_1307,is_essential_file_can_grow,Specificity,0.06487695749440715
growth_rate_simulated_iECOK1_1307,growth_rate_file_1,Accuracy,0.844168260038241
growth_rate_simulated_iECOK1_1307,growth_rate_file_1,Precision,0.9094874591057798
growth_rate_simulated_iECOK1_1307,growth_rate_file_1,Recall,0.912472647702407
growth_rate_simulated_iECOK1_1307,growth_rate_file_1,F1 Score,0.910977607864555
growth_rate_simulated_iECOK1_1307,growth_rate_file_1,Specificity,0.05343511450381679
growth_rate_simulated_iECOK1_1307,growth_rate_file_2,Accuracy,0.9236812570145904
growth_rate_simulated_iECOK1_1307,growth_rate_file_2,Precision,1.0
growth_rate_simulated_iECOK1_1307,growth_rate_file_2,Recall,0.9236812570145904
growth_rate_simulated_iECOK1_1307,growth_rate_file_2,F1 Score,0.9603267211201868
growth_rate_simulated_iECOK1_1307,growth_rate_file_2,Specificity,0.0
growth_rate_simulated_iEcolC_1368,is_essential_file_can_grow,Accuracy,1.0
growth_rate_simulated_iEcolC_1368,is_essential_file_can_grow,Precision,1.0
growth_rate_simulated_iEcolC_1368,is_essential_file_can_grow,Recall,1.0
growth_rate_simulated_iEcolC_1368,is_essential_file_can_grow,F1 Score,1.0
growth_rate_simulated_iEcolC_1368,is_essential_file_can_grow,Specificity,0.0
growth_rate_simulated_iEcolC_1368,growth_rate_file_1,Accuracy,1.0
growth_rate_simulated_iEcolC_1368,growth_rate_file_1,Precision,1.0
growth_rate_simulated_iEcolC_1368,growth_rate_file_1,Recall,1.0
growth_rate_simulated_iEcolC_1368,growth_rate_file_1,F1 Score,1.0
growth_rate_simulated_iEcolC_1368,growth_rate_file_1,Specificity,0.0
growth_rate_simulated_iEcolC_1368,growth_rate_file_2,Accuracy,1.0
growth_rate_simulated_iEcolC_1368,growth_rate_file_2,Precision,1.0
growth_rate_simulated_iEcolC_1368,growth_rate_file_2,Recall,1.0
growth_rate_simulated_iEcolC_1368,growth_rate_file_2,F1 Score,1.0
growth_rate_simulated_iEcolC_1368,growth_rate_file_2,Specificity,0.0
growth_rate_simulated_iECP_1309,is_essential_file_can_grow,Accuracy,0.8260869565217391
growth_rate_simulated_iECP_1309,is_essential_file_can_grow,Precision,0.9047619047619048
growth_rate_simulated_iECP_1309,is_essential_file_can_grow,Recall,0.9047619047619048
growth_rate_simulated_iECP_1309,is_essential_file_can_grow,F1 Score,0.9047619047619048
growth_rate_simulated_iECP_1309,is_essential_file_can_grow,Specificity,0.0
growth_rate_simulated_iECP_1309,growth_rate_file_1,Accuracy,0.8181818181818182
growth_rate_simulated_iECP_1309,growth_rate_file_1,Precision,0.9
growth_rate_simulated_iECP_1309,growth_rate_file_1,Recall,0.9
growth_rate_simulated_iECP_1309,growth_rate_file_1,F1 Score,0.9
growth_rate_simulated_iECP_1309,growth_rate_file_1,Specificity,0.0
growth_rate_simulated_iECP_1309,growth_rate_file_2,Accuracy,0.9047619047619048
growth_rate_simulated_iECP_1309,growth_rate_file_2,Precision,1.0
growth_rate_simulated_iECP_1309,growth_rate_file_2,Recall,0.9047619047619048
growth_rate_simulated_iECP_1309,growth_rate_file_2,F1 Score,0.9500000000000001
growth_rate_simulated_iECP_1309,growth_rate_file_2,Specificity,0.0
growth_rate_simulated_iECs_1301,is_essential_file_can_grow,Accuracy,1.0
growth_rate_simulated_iECs_1301,is_essential_file_can_grow,Precision,1.0
growth_rate_simulated_iECs_1301,is_essential_file_can_grow,Recall,1.0
growth_rate_simulated_iECs_1301,is_essential_file_can_grow,F1 Score,1.0
growth_rate_simulated_iECs_1301,is_essential_file_can_grow,Specificity,0.0
growth_rate_simulated_iECs_1301,growth_rate_file_1,Accuracy,1.0
growth_rate_simulated_iECs_1301,growth_rate_file_1,Precision,1.0
growth_rate_simulated_iECs_1301,growth_rate_file_1,Recall,1.0
growth_rate_simulated_iECs_1301,growth_rate_file_1,F1 Score,1.0
growth_rate_simulated_iECs_1301,growth_rate_file_1,Specificity,0.0
growth_rate_simulated_iECs_1301,growth_rate_file_2,Accuracy,1.0
growth_rate_simulated_iECs_1301,growth_rate_file_2,Precision,1.0
growth_rate_simulated_iECs_1301,growth_rate_file_2,Recall,1.0
growth_rate_simulated_iECs_1301,growth_rate_file_2,F1 Score,1.0
growth_rate_simulated_iECs_1301,growth_rate_file_2,Specificity,0.0
growth_rate_simulated_iECS88_1305,is_essential_file_can_grow,Accuracy,0.8566433566433567
growth_rate_simulated_iECS88_1305,is_essential_file_can_grow,Precision,0.8965183752417795
growth_rate_simulated_iECS88_1305,is_essential_file_can_grow,Recall,0.9420731707317073
growth_rate_simulated_iECS88_1305,is_essential_file_can_grow,F1 Score,0.9187314172447968
growth_rate_simulated_iECS88_1305,is_essential_file_can_grow,Specificity,0.05125725338491296
growth_rate_simulated_iECS88_1305,growth_rate_file_1,Accuracy,0.8718354430379747
growth_rate_simulated_iECS88_1305,growth_rate_file_1,Precision,0.9164490861618799
growth_rate_simulated_iECS88_1305,growth_rate_file_1,Recall,0.9410187667560321
growth_rate_simulated_iECS88_1305,growth_rate_file_1,F1 Score,0.9285714285714286
growth_rate_simulated_iECS88_1305,growth_rate_file_1,Specificity,0.04264577893820714
growth_rate_simulated_iECS88_1305,growth_rate_file_2,Accuracy,0.9442786069651742
growth_rate_simulated_iECS88_1305,growth_rate_file_2,Precision,1.0
growth_rate_simulated_iECS88_1305,growth_rate_file_2,Recall,0.9442786069651742
growth_rate_simulated_iECS88_1305,growth_rate_file_2,F1 Score,0.9713408393039917
growth_rate_simulated_iECS88_1305,growth_rate_file_2,Specificity,0.0
growth_rate_simulated_iECSE_1348,is_essential_file_can_grow,Accuracy,1.0
growth_rate_simulated_iECSE_1348,is_essential_file_can_grow,Precision,1.0
growth_rate_simulated_iECSE_1348,is_essential_file_can_grow,Recall,1.0
growth_rate_simulated_iECSE_1348,is_essential_file_can_grow,F1 Score,1.0
growth_rate_simulated_iECSE_1348,is_essential_file_can_grow,Specificity,0.0
growth_rate_simulated_iECSE_1348,growth_rate_file_1,Accuracy,1.0
growth_rate_simulated_iECSE_1348,growth_rate_file_1,Precision,1.0
growth_rate_simulated_iECSE_1348,growth_rate_file_1,Recall,1.0
growth_rate_simulated_iECSE_1348,growth_rate_file_1,F1 Score,1.0
growth_rate_simulated_iECSE_1348,growth_rate_file_1,Specificity,0.0
growth_rate_simulated_iECSE_1348,growth_rate_file_2,Accuracy,1.0
growth_rate_simulated_iECSE_1348,growth_rate_file_2,Precision,1.0
growth_rate_simulated_iECSE_1348,growth_rate_file_2,Recall,1.0
growth_rate_simulated_iECSE_1348,growth_rate_file_2,F1 Score,1.0
growth_rate_simulated_iECSE_1348,growth_rate_file_2,Specificity,0.0
growth_rate_simulated_iECSF_1327,is_essential_file_can_grow,Accuracy,1.0
growth_rate_simulated_iECSF_1327,is_essential_file_can_grow,Precision,1.0
growth_rate_simulated_iECSF_1327,is_essential_file_can_grow,Recall,1.0
growth_rate_simulated_iECSF_1327,is_essential_file_can_grow,F1 Score,1.0
growth_rate_simulated_iECSF_1327,is_essential_file_can_grow,Specificity,0.0
growth_rate_simulated_iECSF_1327,growth_rate_file_1,Accuracy,1.0
growth_rate_simulated_iECSF_1327,growth_rate_file_1,Precision,1.0
growth_rate_simulated_iECSF_1327,growth_rate_file_1,Recall,1.0
growth_rate_simulated_iECSF_1327,growth_rate_file_1,F1 Score,1.0
growth_rate_simulated_iECSF_1327,growth_rate_file_1,Specificity,0.0
growth_rate_simulated_iECSF_1327,growth_rate_file_2,Accuracy,1.0
growth_rate_simulated_iECSF_1327,growth_rate_file_2,Precision,1.0
growth_rate_simulated_iECSF_1327,growth_rate_file_2,Recall,1.0
growth_rate_simulated_iECSF_1327,growth_rate_file_2,F1 Score,1.0
growth_rate_simulated_iECSF_1327,growth_rate_file_2,Specificity,0.0
growth_rate_simulated_iEcSMS35_1347,is_essential_file_can_grow,Accuracy,0.8563327032136105
growth_rate_simulated_iEcSMS35_1347,is_essential_file_can_grow,Precision,0.9009584664536742
growth_rate_simulated_iEcSMS35_1347,is_essential_file_can_grow,Recall,0.9348066298342541
growth_rate_simulated_iEcSMS35_1347,is_essential_file_can_grow,F1 Score,0.9175704989154014
growth_rate_simulated_iEcSMS35_1347,is_essential_file_can_grow,Specificity,0.06389776357827476
growth_rate_simulated_iEcSMS35_1347,growth_rate_file_1,Accuracy,0.8649398704902868
growth_rate_simulated_iEcSMS35_1347,growth_rate_file_1,Precision,0.91875
growth_rate_simulated_iEcSMS35_1347,growth_rate_file_1,Recall,0.9284210526315789
growth_rate_simulated_iEcSMS35_1347,growth_rate_file_1,F1 Score,0.9235602094240837
growth_rate_simulated_iEcSMS35_1347,growth_rate_file_1,Specificity,0.05520833333333333
growth_rate_simulated_iEcSMS35_1347,growth_rate_file_2,Accuracy,0.9352750809061489
growth_rate_simulated_iEcSMS35_1347,growth_rate_file_2,Precision,1.0
growth_rate_simulated_iEcSMS35_1347,growth_rate_file_2,Recall,0.9352750809061489
growth_rate_simulated_iEcSMS35_1347,growth_rate_file_2,F1 Score,0.9665551839464883
growth_rate_simulated_iEcSMS35_1347,growth_rate_file_2,Specificity,0.0
growth_rate_simulated_iECSP_1301,is_essential_file_can_grow,Accuracy,0.8493975903614458
growth_rate_simulated_iECSP_1301,is_essential_file_can_grow,Precision,0.8974113135186961
growth_rate_simulated_iECSP_1301,is_essential_file_can_grow,Recall,0.9322709163346613
growth_rate_simulated_iECSP_1301,is_essential_file_can_grow,F1 Score,0.9145090376160235
growth_rate_simulated_iECSP_1301,is_essential_file_can_grow,Specificity,0.0488974113135187
growth_rate_simulated_iECSP_1301,growth_rate_file_1,Accuracy,0.8703557312252964
growth_rate_simulated_iECSP_1301,growth_rate_file_1,Precision,0.9209833187006146
growth_rate_simulated_iECSP_1301,growth_rate_file_1,Recall,0.9341050756901158
growth_rate_simulated_iECSP_1301,growth_rate_file_1,F1 Score,0.9274977895667551
growth_rate_simulated_iECSP_1301,growth_rate_file_1,Specificity,0.0456540825285338
growth_rate_simulated_iECSP_1301,growth_rate_file_2,Accuracy,0.9414634146341463
growth_rate_simulated_iECSP_1301,growth_rate_file_2,Precision,1.0
growth_rate_simulated_iECSP_1301,growth_rate_file_2,Recall,0.9414634146341463
growth_rate_simulated_iECSP_1301,growth_rate_file_2,F1 Score,0.9698492462311558
growth_rate_simulated_iECSP_1301,growth_rate_file_2,Specificity,0.0
growth_rate_simulated_iECUMN_1333,is_essential_file_can_grow,Accuracy,0.868421052631579
growth_rate_simulated_iECUMN_1333,is_essential_file_can_grow,Precision,0.9051643192488263
growth_rate_simulated_iECUMN_1333,is_essential_file_can_grow,Recall,0.9469548133595285
growth_rate_simulated_iECUMN_1333,is_essential_file_can_grow,F1 Score,0.9255880940950553
growth_rate_simulated_iECUMN_1333,is_essential_file_can_grow,Specificity,0.05539906103286385
growth_rate_simulated_iECUMN_1333,growth_rate_file_1,Accuracy,0.8810437452033768
growth_rate_simulated_iECUMN_1333,growth_rate_file_1,Precision,0.9239864864864865
growth_rate_simulated_iECUMN_1333,growth_rate_file_1,Recall,0.9439171699741156
growth_rate_simulated_iECUMN_1333,growth_rate_file_1,F1 Score,0.9338454972257789
growth_rate_simulated_iECUMN_1333,growth_rate_file_1,Specificity,0.04560810810810811
growth_rate_simulated_iECUMN_1333,growth_rate_file_2,Accuracy,0.9490874159462056
growth_rate_simulated_iECUMN_1333,growth_rate_file_2,Precision,1.0
growth_rate_simulated_iECUMN_1333,growth_rate_file_2,Recall,0.9490874159462056
growth_rate_simulated_iECUMN_1333,growth_rate_file_2,F1 Score,0.9738787580088715
growth_rate_simulated_iECUMN_1333,growth_rate_file_2,Specificity,0.0
growth_rate_simulated_iECW_1372,is_essential_file_can_grow,Accuracy,0.8705148205928237
growth_rate_simulated_iECW_1372,is_essential_file_can_grow,Precision,0.9145597210113339
growth_rate_simulated_iECW_1372,is_essential_file_can_grow,Recall,0.9391226499552372
growth_rate_simulated_iECW_1372,is_essential_file_can_grow,F1 Score,0.9266784452296819
growth_rate_simulated_iECW_1372,is_essential_file_can_grow,Specificity,0.05841325196163906
growth_rate_simulated_iECW_1372,growth_rate_file_1,Accuracy,0.8810437452033768
growth_rate_simulated_iECW_1372,growth_rate_file_1,Precision,0.9316823228010248
growth_rate_simulated_iECW_1372,growth_rate_file_1,Recall,0.9356775300171527
growth_rate_simulated_iECW_1372,growth_rate_file_1,F1 Score,0.9336756525459992
growth_rate_simulated_iECW_1372,growth_rate_file_1,Specificity,0.04867634500426986
growth_rate_simulated_iECW_1372,growth_rate_file_2,Accuracy,0.945518453427065
growth_rate_simulated_iECW_1372,growth_rate_file_2,Precision,1.0
growth_rate_simulated_iECW_1372,growth_rate_file_2,Recall,0.945518453427065
growth_rate_simulated_iECW_1372,growth_rate_file_2,F1 Score,0.9719963866305329
growth_rate_simulated_iECW_1372,growth_rate_file_2,Specificity,0.0
growth_rate_simulated_iEKO11_1354,is_essential_file_can_grow,Accuracy,0.8888888888888888
growth_rate_simulated_iEKO11_1354,is_essential_file_can_grow,Precision,0.8888888888888888
growth_rate_simulated_iEKO11_1354,is_essential_file_can_grow,Recall,1.0
growth_rate_simulated_iEKO11_1354,is_essential_file_can_grow,F1 Score,0.9411764705882353
growth_rate_simulated_iEKO11_1354,is_essential_file_can_grow,Specificity,0.0
growth_rate_simulated_iEKO11_1354,growth_rate_file_1,Accuracy,0.9
growth_rate_simulated_iEKO11_1354,growth_rate_file_1,Precision,0.9
growth_rate_simulated_iEKO11_1354,growth_rate_file_1,Recall,1.0
growth_rate_simulated_iEKO11_1354,growth_rate_file_1,F1 Score,0.9473684210526316
growth_rate_simulated_iEKO11_1354,growth_rate_file_1,Specificity,0.0
growth_rate_simulated_iEKO11_1354,growth_rate_file_2,Accuracy,1.0
growth_rate_simulated_iEKO11_1354,growth_rate_file_2,Precision,1.0
growth_rate_simulated_iEKO11_1354,growth_rate_file_2,Recall,1.0
growth_rate_simulated_iEKO11_1354,growth_rate_file_2,F1 Score,1.0
growth_rate_simulated_iEKO11_1354,growth_rate_file_2,Specificity,0.0
growth_rate_simulated_iETEC_1333,is_essential_file_can_grow,Accuracy,0.85
growth_rate_simulated_iETEC_1333,is_essential_file_can_grow,Precision,0.8947368421052632
growth_rate_simulated_iETEC_1333,is_essential_file_can_grow,Recall,0.9444444444444444
growth_rate_simulated_iETEC_1333,is_essential_file_can_grow,F1 Score,0.918918918918919
growth_rate_simulated_iETEC_1333,is_essential_file_can_grow,Specificity,0.0
growth_rate_simulated_iETEC_1333,growth_rate_file_1,Accuracy,0.9
growth_rate_simulated_iETEC_1333,growth_rate_file_1,Precision,0.9473684210526315
growth_rate_simulated_iETEC_1333,growth_rate_file_1,Recall,0.9473684210526315
growth_rate_simulated_iETEC_1333,growth_rate_file_1,F1 Score,0.9473684210526315
growth_rate_simulated_iETEC_1333,growth_rate_file_1,Specificity,0.0
growth_rate_simulated_iETEC_1333,growth_rate_file_2,Accuracy,1.0
growth_rate_simulated_iETEC_1333,growth_rate_file_2,Precision,1.0
growth_rate_simulated_iETEC_1333,growth_rate_file_2,Recall,1.0
growth_rate_simulated_iETEC_1333,growth_rate_file_2,F1 Score,1.0
growth_rate_simulated_iETEC_1333,growth_rate_file_2,Specificity,0.0
growth_rate_simulated_iG2583_1286,is_essential_file_can_grow,Accuracy,0.8465430016863407
growth_rate_simulated_iG2583_1286,is_essential_file_can_grow,Precision,0.8980169971671388
growth_rate_simulated_iG2583_1286,is_essential_file_can_grow,Recall,0.9278048780487805
growth_rate_simulated_iG2583_1286,is_essential_file_can_grow,F1 Score,0.9126679462571977
growth_rate_simulated_iG2583_1286,is_essential_file_can_grow,Specificity,0.05004721435316336
growth_rate_simulated_iG2583_1286,growth_rate_file_1,Accuracy,0.856911883589329
growth_rate_simulated_iG2583_1286,growth_rate_file_1,Precision,0.9159132007233273
growth_rate_simulated_iG2583_1286,growth_rate_file_1,Recall,0.9234275296262534
growth_rate_simulated_iG2583_1286,growth_rate_file_1,F1 Score,0.9196550158874262
growth_rate_simulated_iG2583_1286,growth_rate_file_1,Specificity,0.042495479204339964
growth_rate_simulated_iG2583_1286,growth_rate_file_2,Accuracy,0.9330783938814532
growth_rate_simulated_iG2583_1286,growth_rate_file_2,Precision,1.0
growth_rate_simulated_iG2583_1286,growth_rate_file_2,Recall,0.9330783938814532
growth_rate_simulated_iG2583_1286,growth_rate_file_2,F1 Score,0.9653808110781404
growth_rate_simulated_iG2583_1286,growth_rate_file_2,Specificity,0.0
growth_rate_simulated_iJO1366,is_essential_file_can_grow,Accuracy,0.8785394932935916
growth_rate_simulated_iJO1366,is_essential_file_can_grow,Precision,0.9210307564422278
growth_rate_simulated_iJO1366,is_essential_file_can_grow,Recall,0.9421768707482994
growth_rate_simulated_iJO1366,is_essential_file_can_grow,F1 Score,0.9314838167297184
growth_rate_simulated_iJO1366,is_essential_file_can_grow,Specificity,0.05901911886949293
growth_rate_simulated_iJO1366,growth_rate_file_1,Accuracy,0.8754956383822363
growth_rate_simulated_iJO1366,growth_rate_file_1,Precision,0.9298401420959147
growth_rate_simulated_iJO1366,growth_rate_file_1,Recall,0.9306666666666666
growth_rate_simulated_iJO1366,growth_rate_file_1,F1 Score,0.9302532207907597
growth_rate_simulated_iJO1366,growth_rate_file_1,Specificity,0.050621669626998225
growth_rate_simulated_iJO1366,growth_rate_file_2,Accuracy,0.9443983402489626
growth_rate_simulated_iJO1366,growth_rate_file_2,Precision,1.0
growth_rate_simulated_iJO1366,growth_rate_file_2,Recall,0.9443983402489626
growth_rate_simulated_iJO1366,growth_rate_file_2,F1 Score,0.9714041826717883
growth_rate_simulated_iJO1366,growth_rate_file_2,Specificity,0.0
growth_rate_simulated_iJR904,is_essential_file_can_grow,Accuracy,0.8468571428571429
growth_rate_simulated_iJR904,is_essential_file_can_grow,Precision,0.8990944372574385
growth_rate_simulated_iJR904,is_essential_file_can_grow,Recall,0.9254327563249002
growth_rate_simulated_iJR904,is_essential_file_can_grow,F1 Score,0.9120734908136482
growth_rate_simulated_iJR904,is_essential_file_can_grow,Specificity,0.059508408796895215
growth_rate_simulated_iJR904,growth_rate_file_1,Accuracy,0.856815578465063
growth_rate_simulated_iJR904,growth_rate_file_1,Precision,0.9156939040207522
growth_rate_simulated_iJR904,growth_rate_file_1,Recall,0.9216710182767625
growth_rate_simulated_iJR904,growth_rate_file_1,F1 Score,0.918672739102147
growth_rate_simulated_iJR904,growth_rate_file_1,Specificity,0.054474708171206226
growth_rate_simulated_iJR904,growth_rate_file_2,Accuracy,0.9258777633289987
growth_rate_simulated_iJR904,growth_rate_file_2,Precision,1.0
growth_rate_simulated_iJR904,growth_rate_file_2,Recall,0.9258777633289987
growth_rate_simulated_iJR904,growth_rate_file_2,F1 Score,0.9615124915597569
growth_rate_simulated_iJR904,growth_rate_file_2,Specificity,0.0
growth_rate_simulated_iLF82_1304,is_essential_file_can_grow,Accuracy,0.8582677165354331
growth_rate_simulated_iLF82_1304,is_essential_file_can_grow,Precision,0.9040156709108716
growth_rate_simulated_iLF82_1304,is_essential_file_can_grow,Recall,0.9351570415400202
growth_rate_simulated_iLF82_1304,is_essential_file_can_grow,F1 Score,0.9193227091633466
growth_rate_simulated_iLF82_1304,is_essential_file_can_grow,Specificity,0.05680705190989226
growth_rate_simulated_iLF82_1304,growth_rate_file_1,Accuracy,0.8683989941324393
growth_rate_simulated_iLF82_1304,growth_rate_file_1,Precision,0.9214953271028037
growth_rate_simulated_iLF82_1304,growth_rate_file_1,Recall,0.931067044381492
growth_rate_simulated_iLF82_1304,growth_rate_file_1,F1 Score,0.9262564584311883
growth_rate_simulated_iLF82_1304,growth_rate_file_1,Specificity,0.04672897196261682
growth_rate_simulated_iLF82_1304,growth_rate_file_2,Accuracy,0.9374379344587885
growth_rate_simulated_iLF82_1304,growth_rate_file_2,Precision,1.0
growth_rate_simulated_iLF82_1304,growth_rate_file_2,Recall,0.9374379344587885
growth_rate_simulated_iLF82_1304,growth_rate_file_2,F1 Score,0.9677088672475653
growth_rate_simulated_iLF82_1304,growth_rate_file_2,Specificity,0.0
growth_rate_simulated_iML1515,is_essential_file_can_grow,Accuracy,0.9073950699533644
growth_rate_simulated_iML1515,is_essential_file_can_grow,Precision,0.9405797101449276
growth_rate_simulated_iML1515,is_essential_file_can_grow,Recall,0.9579335793357934
growth_rate_simulated_iML1515,is_essential_file_can_grow,F1 Score,0.9491773308957953
growth_rate_simulated_iML1515,is_essential_file_can_grow,Specificity,0.0463768115942029
growth_rate_simulated_iML1515,growth_rate_file_1,Accuracy,0.9013157894736842
growth_rate_simulated_iML1515,growth_rate_file_1,Precision,0.9449321628092577
growth_rate_simulated_iML1515,growth_rate_file_1,Recall,0.9472
growth_rate_simulated_iML1515,growth_rate_file_1,F1 Score,0.9460647223332002
growth_rate_simulated_iML1515,growth_rate_file_1,Specificity,0.03910614525139665
growth_rate_simulated_iML1515,growth_rate_file_2,Accuracy,0.9601449275362319
growth_rate_simulated_iML1515,growth_rate_file_2,Precision,1.0
growth_rate_simulated_iML1515,growth_rate_file_2,Recall,0.9601449275362319
growth_rate_simulated_iML1515,growth_rate_file_2,F1 Score,0.9796672828096119
growth_rate_simulated_iML1515,growth_rate_file_2,Specificity,0.0
growth_rate_simulated_iNRG857_1313,is_essential_file_can_grow,Accuracy,0.8156424581005587
growth_rate_simulated_iNRG857_1313,is_essential_file_can_grow,Precision,0.842443729903537
growth_rate_simulated_iNRG857_1313,is_essential_file_can_grow,Recall,0.9390681003584229
growth_rate_simulated_iNRG857_1313,is_essential_file_can_grow,F1 Score,0.888135593220339
growth_rate_simulated_iNRG857_1313,is_essential_file_can_grow,Specificity,0.09646302250803858
growth_rate_simulated_iNRG857_1313,growth_rate_file_1,Accuracy,0.8301369863013699
growth_rate_simulated_iNRG857_1313,growth_rate_file_1,Precision,0.8742138364779874
growth_rate_simulated_iNRG857_1313,growth_rate_file_1,Recall,0.9266666666666666
growth_rate_simulated_iNRG857_1313,growth_rate_file_1,F1 Score,0.8996763754045306
growth_rate_simulated_iNRG857_1313,growth_rate_file_1,Specificity,0.07861635220125786
growth_rate_simulated_iNRG857_1313,growth_rate_file_2,Accuracy,0.9372822299651568
growth_rate_simulated_iNRG857_1313,growth_rate_file_2,Precision,1.0
growth_rate_simulated_iNRG857_1313,growth_rate_file_2,Recall,0.9372822299651568
growth_rate_simulated_iNRG857_1313,growth_rate_file_2,F1 Score,0.9676258992805754
growth_rate_simulated_iNRG857_1313,growth_rate_file_2,Specificity,0.0
growth_rate_simulated_iUMN146_1321,is_essential_file_can_grow,Accuracy,0.8126721763085399
growth_rate_simulated_iUMN146_1321,is_essential_file_can_grow,Precision,0.8483870967741935
growth_rate_simulated_iUMN146_1321,is_essential_file_can_grow,Recall,0.926056338028169
growth_rate_simulated_iUMN146_1321,is_essential_file_can_grow,F1 Score,0.8855218855218855
growth_rate_simulated_iUMN146_1321,is_essential_file_can_grow,Specificity,0.1032258064516129
growth_rate_simulated_iUMN146_1321,growth_rate_file_1,Accuracy,0.8297297297297297
growth_rate_simulated_iUMN146_1321,growth_rate_file_1,Precision,0.8829113924050633
growth_rate_simulated_iUMN146_1321,growth_rate_file_1,Recall,0.9147540983606557
growth_rate_simulated_iUMN146_1321,growth_rate_file_1,F1 Score,0.8985507246376812
growth_rate_simulated_iUMN146_1321,growth_rate_file_1,Specificity,0.08860759493670886
growth_rate_simulated_iUMN146_1321,growth_rate_file_2,Accuracy,0.9178082191780822
growth_rate_simulated_iUMN146_1321,growth_rate_file_2,Precision,1.0
growth_rate_simulated_iUMN146_1321,growth_rate_file_2,Recall,0.9178082191780822
growth_rate_simulated_iUMN146_1321,growth_rate_file_2,F1 Score,0.9571428571428571
growth_rate_simulated_iUMN146_1321,growth_rate_file_2,Specificity,0.0
growth_rate_simulated_iUMNK88_1353,is_essential_file_can_grow,Accuracy,0.7621621621621621
growth_rate_simulated_iUMNK88_1353,is_essential_file_can_grow,Precision,0.8351893095768375
growth_rate_simulated_iUMNK88_1353,is_essential_file_can_grow,Recall,0.8660508083140878
growth_rate_simulated_iUMNK88_1353,is_essential_file_can_grow,F1 Score,0.8503401360544217
growth_rate_simulated_iUMNK88_1353,is_essential_file_can_grow,Specificity,0.10690423162583519
growth_rate_simulated_iUMNK88_1353,growth_rate_file_1,Accuracy,0.7854671280276817
growth_rate_simulated_iUMNK88_1353,growth_rate_file_1,Precision,0.874468085106383
growth_rate_simulated_iUMNK88_1353,growth_rate_file_1,Recall,0.8634453781512605
growth_rate_simulated_iUMNK88_1353,growth_rate_file_1,F1 Score,0.86892177589852
growth_rate_simulated_iUMNK88_1353,growth_rate_file_1,Specificity,0.09148936170212765
growth_rate_simulated_iUMNK88_1353,growth_rate_file_2,Accuracy,0.8806306306306306
growth_rate_simulated_iUMNK88_1353,growth_rate_file_2,Precision,1.0
growth_rate_simulated_iUMNK88_1353,growth_rate_file_2,Recall,0.8806306306306306
growth_rate_simulated_iUMNK88_1353,growth_rate_file_2,F1 Score,0.9365269461077844
growth_rate_simulated_iUMNK88_1353,growth_rate_file_2,Specificity,0.0
growth_rate_simulated_iUTI89_1310,is_essential_file_can_grow,Accuracy,0.8417910447761194
growth_rate_simulated_iUTI89_1310,is_essential_file_can_grow,Precision,0.9034090909090909
growth_rate_simulated_iUTI89_1310,is_essential_file_can_grow,Recall,0.9148446490218642
growth_rate_simulated_iUTI89_1310,is_essential_file_can_grow,F1 Score,0.9090909090909092
growth_rate_simulated_iUTI89_1310,is_essential_file_can_grow,Specificity,0.05795454545454545
growth_rate_simulated_iUTI89_1310,growth_rate_file_1,Accuracy,0.8563829787234043
growth_rate_simulated_iUTI89_1310,growth_rate_file_1,Precision,0.9206030150753769
growth_rate_simulated_iUTI89_1310,growth_rate_file_1,Recall,0.9169169169169169
growth_rate_simulated_iUTI89_1310,growth_rate_file_1,F1 Score,0.9187562688064193
growth_rate_simulated_iUTI89_1310,growth_rate_file_1,Specificity,0.05025125628140704
growth_rate_simulated_iUTI89_1310,growth_rate_file_2,Accuracy,0.9253393665158371
growth_rate_simulated_iUTI89_1310,growth_rate_file_2,Precision,1.0
growth_rate_simulated_iUTI89_1310,growth_rate_file_2,Recall,0.9253393665158371
growth_rate_simulated_iUTI89_1310,growth_rate_file_2,F1 Score,0.9612220916568743
growth_rate_simulated_iUTI89_1310,growth_rate_file_2,Specificity,0.0
growth_rate_simulated_iWFL_1372,is_essential_file_can_grow,Accuracy,0.8697347893915757
growth_rate_simulated_iWFL_1372,is_essential_file_can_grow,Precision,0.9137630662020906
growth_rate_simulated_iWFL_1372,is_essential_file_can_grow,Recall,0.9391226499552372
growth_rate_simulated_iWFL_1372,is_essential_file_can_grow,F1 Score,0.9262693156732891
growth_rate_simulated_iWFL_1372,is_essential_file_can_grow,Specificity,0.05749128919860627
growth_rate_simulated_iWFL_1372,growth_rate_file_1,Accuracy,0.8733691481197237
growth_rate_simulated_iWFL_1372,growth_rate_file_1,Precision,0.9266837169650469
growth_rate_simulated_iWFL_1372,growth_rate_file_1,Recall,0.9322469982847341
growth_rate_simulated_iWFL_1372,growth_rate_file_1,F1 Score,0.9294570329200512
growth_rate_simulated_iWFL_1372,growth_rate_file_1,Specificity,0.043478260869565216
growth_rate_simulated_iWFL_1372,growth_rate_file_2,Accuracy,0.9393673110720563
growth_rate_simulated_iWFL_1372,growth_rate_file_2,Precision,1.0
growth_rate_simulated_iWFL_1372,growth_rate_file_2,Recall,0.9393673110720563
growth_rate_simulated_iWFL_1372,growth_rate_file_2,F1 Score,0.9687358405074762
growth_rate_simulated_iWFL_1372,growth_rate_file_2,Specificity,0.0
growth_rate_simulated_iY75_1357,is_essential_file_can_grow,Accuracy,0.8244514106583072
growth_rate_simulated_iY75_1357,is_essential_file_can_grow,Precision,0.8722627737226277
growth_rate_simulated_iY75_1357,is_essential_file_can_grow,Recall,0.9192307692307692
growth_rate_simulated_iY75_1357,is_essential_file_can_grow,F1 Score,0.8951310861423221
growth_rate_simulated_iY75_1357,is_essential_file_can_grow,Specificity,0.08759124087591241
growth_rate_simulated_iY75_1357,growth_rate_file_1,Accuracy,0.8353658536585366
growth_rate_simulated_iY75_1357,growth_rate_file_1,Precision,0.8971631205673759
growth_rate_simulated_iY75_1357,growth_rate_file_1,Recall,0.9100719424460432
growth_rate_simulated_iY75_1357,growth_rate_file_1,F1 Score,0.9035714285714286
growth_rate_simulated_iY75_1357,growth_rate_file_1,Specificity,0.07446808510638298
growth_rate_simulated_iY75_1357,growth_rate_file_2,Accuracy,0.9250936329588015
growth_rate_simulated_iY75_1357,growth_rate_file_2,Precision,1.0
growth_rate_simulated_iY75_1357,growth_rate_file_2,Recall,0.9250936329588015
growth_rate_simulated_iY75_1357,growth_rate_file_2,F1 Score,0.9610894941634242
growth_rate_simulated_iY75_1357,growth_rate_file_2,Specificity,0.0
growth_rate_simulated_iZ_1308,is_essential_file_can_grow,Accuracy,0.839572192513369
growth_rate_simulated_iZ_1308,is_essential_file_can_grow,Precision,0.8941034897713598
growth_rate_simulated_iZ_1308,is_essential_file_can_grow,Recall,0.9229813664596274
growth_rate_simulated_iZ_1308,is_essential_file_can_grow,F1 Score,0.9083129584352078
growth_rate_simulated_iZ_1308,is_essential_file_can_grow,Specificity,0.05054151624548736
growth_rate_simulated_iZ_1308,growth_rate_file_1,Accuracy,0.8571428571428571
growth_rate_simulated_iZ_1308,growth_rate_file_1,Precision,0.913232104121475
growth_rate_simulated_iZ_1308,growth_rate_file_1,Recall,0.9252747252747253
growth_rate_simulated_iZ_1308,growth_rate_file_1,F1 Score,0.9192139737991266
growth_rate_simulated_iZ_1308,growth_rate_file_1,Specificity,0.049891540130151846
growth_rate_simulated_iZ_1308,growth_rate_file_2,Accuracy,0.9352078239608802
growth_rate_simulated_iZ_1308,growth_rate_file_2,Precision,1.0
growth_rate_simulated_iZ_1308,growth_rate_file_2,Recall,0.9352078239608802
growth_rate_simulated_iZ_1308,growth_rate_file_2,F1 Score,0.9665192672141504
growth_rate_simulated_iZ_1308,growth_rate_file_2,Specificity,0.0
